CDU_FIELD_NAME,CENSUS_CELLNAME,TOPIC,CATEGORY,TOPIC_DESCRIPTION,
F357354,LC4412EW0001,Dependent children in household,Total\ Dependent children in household,"A count of the dependent children living in a household. A dependent child is a person aged 0 to 15 in a household (whether or not in a family) or aged 16 to 18, in full-time education, and living in a family with his or her parent(s) or grandparent(s).
<br/>
It does not include any children who have a spouse, partner or child living in the household.",
F357354,LC4412EW0001,Tenure,Total\ Tenure,"Tenure provides information about whether a household rents or owns the accommodation that it occupies and, if rented, combines this with information about the type of landlord who owns or manages the accommodation.",
F357354,LC4412EW0001,Unit,Households,The unit is for a particular count (e.g. people or households),
