CDU_FIELD_NAME,CENSUS_CELLNAME,TOPIC,CATEGORY,TOPIC_DESCRIPTION,
F1808,QS113EW0001,Household composition,Total\ Household composition,"Household composition classifies households according to the relationships between the household members. Households consisting of one family and no other usual residents are classified according to the type of family (married, same-sex civil partnership or cohabiting couple family, or lone parent family) and the number of dependent children. Other households are classified by the number of people, the number of dependent children, or whether the household consists only of students or only of people aged 65 and over.
<br/>
<br/>
&nbsp;&nbsp;<u>Northern Ireland</u>
<br/>
<ol>
<li/>A dependent child is a person in a household aged 0 to 15 (whether or not in a family) or a person aged 16 to 18 who is a full-time student in a family with parent(s).
<li/>A family consists of a couple (married, same-sex civil partnership or cohabiting) with or without children, or a lone parent and their children. It also includes a married, same-sex civil partnership or cohabiting couple with their grandchildren or a lone grandparent with his or her grandchildren, if there is no parent in the intervening generation in the household. A family will also include step-children when their parent is part of the couple.
</ol>",
F1808,QS113EW0001,Unit,Households,The unit is for a particular count (e.g. people or households),
F1810,QS113EW0002,Household composition,One person household,"Household composition classifies households according to the relationships between the household members. Households consisting of one family and no other usual residents are classified according to the type of family (married, same-sex civil partnership or cohabiting couple family, or lone parent family) and the number of dependent children. Other households are classified by the number of people, the number of dependent children, or whether the household consists only of students or only of people aged 65 and over.
<br/>
<br/>
&nbsp;&nbsp;<u>Northern Ireland</u>
<br/>
<ol>
<li/>A dependent child is a person in a household aged 0 to 15 (whether or not in a family) or a person aged 16 to 18 who is a full-time student in a family with parent(s).
<li/>A family consists of a couple (married, same-sex civil partnership or cohabiting) with or without children, or a lone parent and their children. It also includes a married, same-sex civil partnership or cohabiting couple with their grandchildren or a lone grandparent with his or her grandchildren, if there is no parent in the intervening generation in the household. A family will also include step-children when their parent is part of the couple.
</ol>",
F1810,QS113EW0002,Unit,Households,The unit is for a particular count (e.g. people or households),
F1816,QS113EW0005,Household composition,One family only,"Household composition classifies households according to the relationships between the household members. Households consisting of one family and no other usual residents are classified according to the type of family (married, same-sex civil partnership or cohabiting couple family, or lone parent family) and the number of dependent children. Other households are classified by the number of people, the number of dependent children, or whether the household consists only of students or only of people aged 65 and over.
<br/>
<br/>
&nbsp;&nbsp;<u>Northern Ireland</u>
<br/>
<ol>
<li/>A dependent child is a person in a household aged 0 to 15 (whether or not in a family) or a person aged 16 to 18 who is a full-time student in a family with parent(s).
<li/>A family consists of a couple (married, same-sex civil partnership or cohabiting) with or without children, or a lone parent and their children. It also includes a married, same-sex civil partnership or cohabiting couple with their grandchildren or a lone grandparent with his or her grandchildren, if there is no parent in the intervening generation in the household. A family will also include step-children when their parent is part of the couple.
</ol>",
F1816,QS113EW0005,Unit,Households,The unit is for a particular count (e.g. people or households),
F1835,QS113EW0026,Household composition,Other household types,"Household composition classifies households according to the relationships between the household members. Households consisting of one family and no other usual residents are classified according to the type of family (married, same-sex civil partnership or cohabiting couple family, or lone parent family) and the number of dependent children. Other households are classified by the number of people, the number of dependent children, or whether the household consists only of students or only of people aged 65 and over.
<br/>
<br/>
&nbsp;&nbsp;<u>Northern Ireland</u>
<br/>
<ol>
<li/>A dependent child is a person in a household aged 0 to 15 (whether or not in a family) or a person aged 16 to 18 who is a full-time student in a family with parent(s).
<li/>A family consists of a couple (married, same-sex civil partnership or cohabiting) with or without children, or a lone parent and their children. It also includes a married, same-sex civil partnership or cohabiting couple with their grandchildren or a lone grandparent with his or her grandchildren, if there is no parent in the intervening generation in the household. A family will also include step-children when their parent is part of the couple.
</ol>",
F1835,QS113EW0026,Unit,Households,The unit is for a particular count (e.g. people or households),
